PK;NOMBRE;DESCRIPCION-ENTIDAD;HORARIO;EQUIPAMIENTO;TRANSPORTE;DESCRIPCION;ACCESIBILIDAD;CONTENT-URL;NOMBRE-VIA;CLASE-VIAL;TIPO-NUM;NUM;PLANTA;PUERTA;ESCALERAS;ORIENTACION;LOCALIDAD;PROVINCIA;CODIGO-POSTAL;COD-BARRIO;BARRIO;COD-DISTRITO;DISTRITO;COORDENADA-X;COORDENADA-Y;LATITUD;LONGITUD;TELEFONO;FAX;EMAIL;TIPO
58241;"Escuela infantil municipal Agua Dulce";"";"";"Horario ampliado. Comedor.";"BUS: 44 , 128";"ENSEÑANZA: Educación Infantil (Primer Ciclo)";"0";"http://www.madrid.es/sites/v/index.jsp?vgnextchannel=bfa48ab43d6bb410VgnVCM100000171f5a0aRCRD&vgnextoid=2b0e8ed67151c010VgnVCM2000000c205a0aRCRD";"LEÑEROS";"CALLE";"NUM";"25";"";"";"";"";"MADRID";"MADRID";"28039";"1";"BELLAS VISTAS";"6";"TETUAN";"439852";"4478398";"40.45406088024461";"-3.7093713617566357";"914 594 049";"";"eiaguadulce@madrid.es";"/contenido/entidadesYorganismos/CentrosEducacion/EscuelasInfantilesPublicas"
4549323;"Escuela infantil municipal Altair";"";"";"";"BUS: 34, 117, 155";"ENSEÑANZA: Educación infantil (Primer ciclo)";"1";"http://www.madrid.es/sites/v/index.jsp?vgnextchannel=bfa48ab43d6bb410VgnVCM100000171f5a0aRCRD&vgnextoid=f1bdba525ad91110VgnVCM1000000b205a0aRCRD";"JOSE DE CADALSO";"CALLE";"V";"43";"";"";"";"";"MADRID";"MADRID";"28044";"7";"LAS AGUILAS";"10";"LATINA";"434748";"4470012";"40.37813189249392";"-3.7687005492302084";"672 844 544";"";"eialtair@madrid.es";"/contenido/entidadesYorganismos/CentrosEducacion/EscuelasInfantilesPublicas"
5299172;"Escuela infantil municipal Amanecer";"";"";"";"METRO: San Cipriano, Puerta de Arganda BUS: 4, 71, 100";"ENSEÑANZA: Educación infantil (Primer Ciclo).";"1";"http://www.madrid.es/sites/v/index.jsp?vgnextchannel=bfa48ab43d6bb410VgnVCM100000171f5a0aRCRD&vgnextoid=eccf1e73b1f90210VgnVCM1000000b205a0aRCRD";"TITANIO";"CALLE";"V";"7";"";"";"";"";"MADRID";"MADRID";"28032";"1";"CASCO H.VICALVARO";"19";"VICALVARO";"448997";"4472549";"40.40198995600377";"-3.6010443459563537";"917 765 069";"";"eiamanecer@madrid.es";"/contenido/entidadesYorganismos/CentrosEducacion/EscuelasInfantilesPublicas"
5633312;"Escuela infantil municipal Ana de Austria";"";"";"Educación de 0 a 3 años";"BUS: 172, 173";"ENSEÑANZA: Educación infantil (Primer ciclo)";"1";"http://www.madrid.es/sites/v/index.jsp?vgnextchannel=bfa48ab43d6bb410VgnVCM100000171f5a0aRCRD&vgnextoid=8d4006112d3b7210VgnVCM2000000c205a0aRCRD";"ANA DE AUSTRIA";"CALLE";"V";"32";"";"";"";"";"MADRID";"MADRID";"28050";"6";"VALDEFUENTES";"16";"HORTALEZA";"444433";"4482965";"40.49552153813781";"-3.655736850911649";"917 500 832";"";"eianadeaustria@madrid.es";"/contenido/entidadesYorganismos/CentrosEducacion/EscuelasInfantilesPublicas"
11055694;"Escuela infantil municipal Antonio Mercero";"";"";"Horario ampliado Comedor";"METRO:  Príncipe Pío   BUS: 41, 46, 75   CERCANÍAS: Príncipe Pío";"ENSEÑANZA: Educación infantil (primer ciclo)";"1";"http://www.madrid.es/sites/v/index.jsp?vgnextchannel=bfa48ab43d6bb410VgnVCM100000171f5a0aRCRD&vgnextoid=fdf343c4d873e610VgnVCM2000001f4a900aRCRD";"VALLADOLID";"AVENIDA";"V";"49";"";"";"";"";"MADRID";"MADRID";"28008";"1";"CASA DE CAMPO";"9";"MONCLOA-ARAVACA";"437929";"4475679";"40.42943683896261";"-3.731764974179636";"91 540 03 19";"";"eiantoniomercero@madrid.es";"/contenido/entidadesYorganismos/CentrosEducacion/EscuelasInfantilesPublicas"
4724002;"Escuela infantil municipal Campanilla";"";"";"";"METRO: Alvarado BUS: 124, 128, 3, 64, 66,772, L1";"ENSEÑANZA: Educación infantil (Primer Ciclo)";"0";"http://www.madrid.es/sites/v/index.jsp?vgnextchannel=bfa48ab43d6bb410VgnVCM100000171f5a0aRCRD&vgnextoid=635e47123dc77110VgnVCM1000000b205a0aRCRD";"AVILA";"CALLE";"V";"4";"";"";"";"";"MADRID";"MADRID";"28020";"2";"CUATRO CAMINOS";"6";"TETUAN";"440475";"4478241";"40.452700492043";"-3.7019980764784606";"915 707 576";"";"eicampanilla@madrid.es";"/contenido/entidadesYorganismos/CentrosEducacion/EscuelasInfantilesPublicas"
5252087;"Escuela infantil municipal Cielo Azul";"";"";"Horario ampliado. Comedor.";"METRO: Valdebernardo BUS: 8, 71, 130";"ENSEÑANZA: Educación infantil (Primer Ciclo)";"1";"http://www.madrid.es/sites/v/index.jsp?vgnextchannel=bfa48ab43d6bb410VgnVCM100000171f5a0aRCRD&vgnextoid=a9a997bd1dd8f110VgnVCM1000000b205a0aRCRD";"INDALECIO PRIETO";"BULEVAR";"V";"16";"";"";"";"";"MADRID";"MADRID";"28032";"1";"CASCO H.VICALVARO";"19";"VICALVARO";"447288";"4472543";"40.40182039479394";"-3.6211941394147757";"917 720 849";"";"eicieloazul@madrid.es";"/contenido/entidadesYorganismos/CentrosEducacion/EscuelasInfantilesPublicas"
5633339;"Escuela infantil municipal Doña Francisquita";"";"";"Horario ampliado - Comedor";"BUS: 87";"ENSEÑANZA: Educación infantil (Primer ciclo)";"1";"http://www.madrid.es/sites/v/index.jsp?vgnextchannel=bfa48ab43d6bb410VgnVCM100000171f5a0aRCRD&vgnextoid=22fa44dd9d3b7210VgnVCM2000000c205a0aRCRD";"CAMBADOS";"CALLE";"V";"1";"";"";"";"";"MADRID";"MADRID";"28050";"6";"VALDEFUENTES";"16";"HORTALEZA";"446581";"4481079";"40.47868156347292";"-3.6302312847478593";"917 642 004";"";"eidonafrancisquita@madrid.es";"/contenido/entidadesYorganismos/CentrosEducacion/EscuelasInfantilesPublicas"
28779;"Escuela infantil municipal El Alba";"";"";"Horario ampliado. Comedor.";"METRO: Pirámides BUS: 18 , 23 , 34 , 35 , 36 , 116 , 118 , 119";"ENSEÑANZA: Educación infantil (Primer ciclo)";"1";"http://www.madrid.es/sites/v/index.jsp?vgnextchannel=bfa48ab43d6bb410VgnVCM100000171f5a0aRCRD&vgnextoid=0b41059cb751c010VgnVCM2000000c205a0aRCRD";"TOLEDO";"CALLE";"V";"181";"";"";"";"";"MADRID";"MADRID";"28005";"2";"ACACIAS";"2";"ARGANZUELA";"439454";"4472595";"40.4017650455756";"-3.713512276375299";"915 173 351";"";"eielalba@madrid.es";"/contenido/entidadesYorganismos/CentrosEducacion/EscuelasInfantilesPublicas"
5632719;"Escuela infantil municipal El Barberillo de Lavapiés";"";"";"Educación de 0 a 3 años";"METRO: Arganzuela-Planetario, Legazpi BUS: 8, 19, 45, 47, 59, 62, 76, 85, 86, 247";"ENSEÑANZA: Educación infantil (Primer ciclo)";"1";"http://www.madrid.es/sites/v/index.jsp?vgnextchannel=bfa48ab43d6bb410VgnVCM100000171f5a0aRCRD&vgnextoid=d96b9b6d163b7210VgnVCM2000000c205a0aRCRD";"GRANITO";"CALLE";"V";"32";"";"";"";"";"MADRID";"MADRID";"28045";"5";"DELICIAS";"2";"ARGANZUELA";"441428";"4471687";"40.39371756597044";"-3.6901560198197485";"910  739 659";"";"eibarberillolavapies@madrid.es";"/contenido/entidadesYorganismos/CentrosEducacion/EscuelasInfantilesPublicas"
5632789;"Escuela infantil municipal El Bateo";"";"";"Educación de 0 a 3 años";"METRO: El Capricho BUS: 101, 114, 115, 151";"ENSEÑANZA: Educación infantil (Primer ciclo)";"1";"http://www.madrid.es/sites/v/index.jsp?vgnextchannel=bfa48ab43d6bb410VgnVCM100000171f5a0aRCRD&vgnextoid=16ec2739d73b7210VgnVCM2000000c205a0aRCRD";"PINOS DE OSUNA";"CALLE";"V";"3";"";"";"";"";"MADRID";"MADRID";"28042";"1";"ALAMEDA DE OSUNA";"21";"BARAJAS";"449787";"4478001";"40.45115316018945";"-3.5921656725702142";"917 414 436";"";"eielbateo@madrid.es";"/contenido/entidadesYorganismos/CentrosEducacion/EscuelasInfantilesPublicas"
172970;"Escuela infantil municipal El Bosque";"";"";"Horario ampliado. Comedor.";"METRO: Palos de la Frontera BUS: 6 , 8 , 19 , 27 , 45 , 47 , 55 , 59 , 85 , 86 , 102 , 247 CERCANÍAS RENFE: Atocha";"ENSEÑANZA: Educación infantil (Primer ciclo)";"1";"http://www.madrid.es/sites/v/index.jsp?vgnextchannel=bfa48ab43d6bb410VgnVCM100000171f5a0aRCRD&vgnextoid=c40ce0e1f181c010VgnVCM1000000b205a0aRCRD";"DELICIAS";"CALLE";"V";"32";"";"";"";"";"MADRID";"MADRID";"28045";"6";"PALOS DE MOGUER";"2";"ARGANZUELA";"441090";"4473078";"40.4043520221113";"-3.695544214066272";"915 271 590";"";"eielbosque@madrid.es";"/contenido/entidadesYorganismos/CentrosEducacion/EscuelasInfantilesPublicas"
5633412;"Escuela infantil municipal El Caserío";"";"";"Educación de 0 a 3 años";"BUS: 310, 136, 10, 103";"ENSEÑANZA: Educación infantil (Primer ciclo)";"0";"http://www.madrid.es/sites/v/index.jsp?vgnextchannel=bfa48ab43d6bb410VgnVCM100000171f5a0aRCRD&vgnextoid=6b381ec1fe3b7210VgnVCM2000000c205a0aRCRD";"MARIA TERESA ROBLEDO";"CALLE";"V";"3";"";"";"";"";"MADRID";"MADRID";"28018";"3";"PALOMERAS BAJAS";"13";"PUENTE DE VALLECAS";"444170";"4470964";"40.3873926648154";"-3.6577856265450226";"913 808 654";"";"eielcaserio@madrid.es";"/contenido/entidadesYorganismos/CentrosEducacion/EscuelasInfantilesPublicas"
100359;"Escuela infantil municipal El Duende";"";"";"Horario ampliado. Comedor.";"METRO: Tribunal BUS: 3 , 21 , 40 , 147 , 149";"ENSEÑANZA: Educación infantil (Primer ciclo)";"1";"http://www.madrid.es/sites/v/index.jsp?vgnextchannel=bfa48ab43d6bb410VgnVCM100000171f5a0aRCRD&vgnextoid=db458899fc81c010VgnVCM1000000b205a0aRCRD";"PALMA";"CALLE";"V";"36";"";"";"";"";"MADRID";"MADRID";"28004";"5";"UNIVERSIDAD";"1";"CENTRO";"440202";"4475331";"40.42646911249971";"-3.7049381572879123";"915 235 187";"";"eielduende@madrid.es";"/contenido/entidadesYorganismos/CentrosEducacion/EscuelasInfantilesPublicas"
10936384;"Escuela infantil municipal El Fresno";"";"";"Horario ampliado Comedor";"Transporte más próximo:     METRO:  Pitis, Arroyofresno, Mirasierra   BUS:  49, 64, 82   CERCANÍAS: C3, C8 y C7";"ENSEÑANZA: Educación Infantil (primer ciclo)";"1";"http://www.madrid.es/sites/v/index.jsp?vgnextchannel=bfa48ab43d6bb410VgnVCM100000171f5a0aRCRD&vgnextoid=5ad8760f1be4a610VgnVCM1000001d4a900aRCRD";"SENDA DEL INFANTE";"CALLE";"V";"46";"";"";"";"";"MADRID";"MADRID";"28049";"7";"MIRASIERRA";"8";"FUENCARRAL-EL PARDO";"438502";"4482814";"40.493754014053536";"-3.7257050333315007";"918 441 977";"";"eielfresno@madrid.es";"/contenido/entidadesYorganismos/CentrosEducacion/EscuelasInfantilesPublicas"
58242;"Escuela infantil municipal El Lirón";"";"";"Horario ampliado. Comedor. Planes de mejora.";"METRO: Artilleros BUS: 8 , 20 , 30 , 71 , 100";"ENSEÑANZA: Educación Infantil (Primer Ciclo)";"0";"http://www.madrid.es/sites/v/index.jsp?vgnextchannel=bfa48ab43d6bb410VgnVCM100000171f5a0aRCRD&vgnextoid=713e8ed67151c010VgnVCM2000000c205a0aRCRD";"PICO DE LOS ARTILLEROS";"CALLE";"V";"123";"";"";"";"";"MADRID";"MADRID";"28030";"5";"FONTARRON";"14";"MORATALAZ";"445474";"4472525";"40.40154142411511";"-3.642568350981219";"913 712 712";"";"eielliron@madrid.es";"/contenido/entidadesYorganismos/CentrosEducacion/EscuelasInfantilesPublicas"
10888967;"Escuela infantil municipal El Mamut";"";"";"Horario ampliado. Comedor.";"BUS: 85, 123";"Educación infantil (primer ciclo)";"0";"http://www.madrid.es/sites/v/index.jsp?vgnextchannel=bfa48ab43d6bb410VgnVCM100000171f5a0aRCRD&vgnextoid=c47152fb94cd8610VgnVCM1000001d4a900aRCRD";"GANADOS DEL SALOBRAL";"CALLE";"V";"7";"";"";"";"";"MADRID";"MADRID";"28021";"3";"BUTARQUE";"17";"VILLAVERDE";"442442";"4465434";"40.33746780068778";"-3.6776394947920563";"917 230 000";"";"eielmamut@madrid.es";"/contenido/entidadesYorganismos/CentrosEducacion/EscuelasInfantilesPublicas"
4552951;"Escuela infantil municipal El Manantial";"";"";"Educación de 0 a 3 años";"METRO: Laguna BUS: 31 , 119 , 138 RENFE: Laguna";"ENSEÑANZA: Educación infantil (Primer ciclo)";"1";"http://www.madrid.es/sites/v/index.jsp?vgnextchannel=bfa48ab43d6bb410VgnVCM100000171f5a0aRCRD&vgnextoid=c1011d02d25d1110VgnVCM1000000b205a0aRCRD";"CARLOS FUENTES";"CALLE";"V";"2";"";"";"";"";"MADRID";"MADRID";"28047";"1";"LOS CARMENES";"10";"LATINA";"436850";"4472730";"40.40278783515925";"-3.7441981544259706";"914 640 597";"";"eielmanantial@madrid.es";"/contenido/entidadesYorganismos/CentrosEducacion/EscuelasInfantilesPublicas"
5981488;"Escuela infantil municipal El Olivar";"";"";"Horario ampliado Comedor";"METRO: Lavapiés, Antón Martín  BUS: M1, 6, 26, 32";"ENSEÑANZA: Educación infantil (Primer ciclo)";"0";"http://www.madrid.es/sites/v/index.jsp?vgnextchannel=bfa48ab43d6bb410VgnVCM100000171f5a0aRCRD&vgnextoid=b524df71cea7e210VgnVCM1000000b205a0aRCRD";"OLIVAR";"CALLE";"V";"48";"";"";"";"";"MADRID";"MADRID";"28012";"2";"EMBAJADORES";"1";"CENTRO";"440476";"4473453";"40.40955901220526";"-3.7015495991222993";"915 306 631";"";"eielolivar@madrid.es";"/contenido/entidadesYorganismos/CentrosEducacion/EscuelasInfantilesPublicas"
5072;"Escuela infantil municipal El Rocío";"";"";"Horario ampliado. Comedor.";"Bus: 131, 22, 86, 130  Renfe: Puente Alcocer";"ENSEÑANZA: Educación infantil (Primer Ciclo)";"0";"http://www.madrid.es/sites/v/index.jsp?vgnextchannel=bfa48ab43d6bb410VgnVCM100000171f5a0aRCRD&vgnextoid=6fad13db5b71c010VgnVCM1000000b205a0aRCRD";"CARABANCHEL A VILLAVERDE";"CARRETERA";"V";"107";"";"";"";"";"MADRID";"MADRID";"28041";"";"SAN ANDRES";"";"VILLAVERDE";"439987";"4466953";"40.3509775884553";"-3.7066886127927585";"911 344 949";"";"eielrocio@madrid.es";"/contenido/entidadesYorganismos/CentrosEducacion/EscuelasInfantilesPublicas"
5039;"Escuela infantil municipal El Sol";"";"";"Horario ampliado. Comedor.";"BUS: 7 , 11 , 40 , 52";"ENSEÑANZA: Educación infantil (Primer Ciclo)";"2";"http://www.madrid.es/sites/v/index.jsp?vgnextchannel=bfa48ab43d6bb410VgnVCM100000171f5a0aRCRD&vgnextoid=afaea4ea6871c010VgnVCM1000000b205a0aRCRD";"ENRIQUE JARDIEL PONCELA";"CALLE";"V";"8";"";"";"";"";"MADRID";"MADRID";"28016";"5";"NUEVA ESPAÑA";"5";"CHAMARTIN";"443168";"4479132";"40.46091554103502";"-3.670320512563348";"913 532 642 / 919 241 542";"";"eielsol@madrid.es";"/contenido/entidadesYorganismos/CentrosEducacion/EscuelasInfantilesPublicas"
12683273;"Escuela infantil municipal El Sol de las Letras";"Apertura prevista para enero de 2026, quedando condicionada a la terminación de las obras.";"";"";"";"ENSEÑANZA: Educación infantil (Primer ciclo)";"1";"http://www.madrid.es/sites/v/index.jsp?vgnextchannel=bfa48ab43d6bb410VgnVCM100000171f5a0aRCRD&vgnextoid=98010a4dc80f4910VgnVCM1000001d4a900aRCRD";"DESAMPARADOS";"COSTANILLA";"V";"15";"";"";"";"";"MADRID";"MADRID";"28014";"3";"CORTES";"1";"CENTRO";"440896";"4473721";"40.41201484533784";"-3.696612085925128";"608 531 727";"";"eifucar@madrid.es";"/contenido/entidadesYorganismos/CentrosEducacion/EscuelasInfantilesPublicas"
10888974;"Escuela infantil municipal El Tren de Arganda";"";"";"Horario ampliado. Comedor.";"Transporte más próximo:    METRO: Sainz de Baranda.    BUS: 30, 56, 143, 156";"ENSEÑANZA: Educación infantil (Primer ciclo)";"0";"http://www.madrid.es/sites/v/index.jsp?vgnextchannel=bfa48ab43d6bb410VgnVCM100000171f5a0aRCRD&vgnextoid=677352fb94cd8610VgnVCM1000001d4a900aRCRD";"DOCTOR LAGUNA";"PLAZA";"V";"11";"";"";"";"";"MADRID";"MADRID";"28009";"6";"NIÑO JESUS";"3";"RETIRO";"442894";"4474005";"40.41471562186326";"-3.673091236764771";"690 180 359";"";"eitrendearganda@madrid.es";"/contenido/entidadesYorganismos/CentrosEducacion"
10889333;"Escuela infantil municipal Elena Fortún";"";"";"Horario ampliado Comedor";"METRO: Montecarmelo BUS: 134, 178";"ENSEÑANZA: Educación Infantil (Primer ciclo)";"1";"http://www.madrid.es/sites/v/index.jsp?vgnextchannel=bfa48ab43d6bb410VgnVCM100000171f5a0aRCRD&vgnextoid=db2ccb4d6c0e8610VgnVCM2000001f4a900aRCRD";"MONASTERIO DE SILOS";"AVENIDA";"V";"57";"";"";"";"";"MADRID";"MADRID";"28049";"8";"EL GOLOSO";"8";"FUENCARRAL-EL PARDO";"440955";"4483984";"40.504469655013494";"-3.6968720755393782";"914 681 749";"";"eimontecarmelo@madrid.es";"/contenido/entidadesYorganismos/CentrosEducacion/EscuelasInfantilesPublicas"
8226010;"Escuela infantil municipal Escuelas de San Antón";"";"";"Horario ampliado Comedor.";"Bus: 3, 37, 40, 149  Metro: Chueca, Tribunal";"ENSEÑANZA: Educación Infantil (Primer Ciclo)";"1";"http://www.madrid.es/sites/v/index.jsp?vgnextchannel=bfa48ab43d6bb410VgnVCM100000171f5a0aRCRD&vgnextoid=ae3e5438c4e10510VgnVCM1000000b205a0aRCRD";"FARMACIA";"CALLE";"V";"13";"";"";"";"";"MADRID";"MADRID";"28004";"4";"JUSTICIA";"1";"CENTRO";"440722";"4475029";"40.42378301276458";"-3.6987856754744657";"915 325 557";"";"eiesananton@madrid.es";"/contenido/entidadesYorganismos/CentrosEducacion/EscuelasInfantilesPublicas"
5633199;"Escuela infantil municipal Fernando el Católico";"";"";"Horario ampliado - Comedor";"METRO: Quevedo BUS: 16, 61, 2, 202";"ENSEÑANZA: Educación infantil (Primer ciclo)";"1";"http://www.madrid.es/sites/v/index.jsp?vgnextchannel=bfa48ab43d6bb410VgnVCM100000171f5a0aRCRD&vgnextoid=f87b0dde9b3b7210VgnVCM2000000c205a0aRCRD";"FERNANDO EL CATOLICO";"CALLE";"V";"16";"";"";"";"";"MADRID";"MADRID";"28015";"2";"ARAPILES";"7";"CHAMBERI";"439802";"4476182";"40.434103689530446";"-3.7097392943348284";"914 456 792";"";"eifernandoelcatolico@madrid.es";"/contenido/entidadesYorganismos/CentrosEducacion/EscuelasInfantilesPublicas"
5633259;"Escuela infantil municipal Gigantes y Cabezudos";"";"";"Horario ampliado - Comedor";"METRO: Avenida de La Paz BUS: 53, 9, 72, 73, 120";"ENSEÑANZA: Educación infantil (Primer ciclo)";"1";"http://www.madrid.es/sites/v/index.jsp?vgnextchannel=bfa48ab43d6bb410VgnVCM100000171f5a0aRCRD&vgnextoid=401e0dde9b3b7210VgnVCM2000000c205a0aRCRD";"RAFAEL BERGAMIN";"CALLE";"V";"28";"";"";"";"";"MADRID";"MADRID";"28043";"6";"SAN JUAN BAUTISTA";"15";"CIUDAD LINEAL";"444040";"4477978";"40.450578924722464";"-3.6599344009125048";"661 577 952";"";"eigigantesycabezudos@madrid.es";"/contenido/entidadesYorganismos/CentrosEducacion/EscuelasInfantilesPublicas"
58239;"Escuela infantil municipal Hiedra";"";"";"Comedor.";"METRO: Simancas BUS: 38 , 48";"ENSEÑANZA: Educación Infantil (Primer Ciclo)";"0";"http://www.madrid.es/sites/v/index.jsp?vgnextchannel=bfa48ab43d6bb410VgnVCM100000171f5a0aRCRD&vgnextoid=c75e8ed67151c010VgnVCM2000000c205a0aRCRD";"AMPOSTA";"CALLE";"S/N";"34";"";"";"";"";"MADRID";"MADRID";"28037";"4";"ARCOS";"20";"SAN BLAS-CANILLEJAS";"447469";"4474881";"40.42289407876372";"-3.6192425284922436";"913 062 533";"";"eihiedra@madrid.es";"/contenido/entidadesYorganismos/CentrosEducacion/EscuelasInfantilesPublicas"
11647681;"Escuela infantil municipal José Gómez Gil";"";"";"Horario ampliado Comedor";"Transporte más próximo:     METRO:  Las Suertes / Valdecarros   BUS:  142, 145";"ENSEÑANZA: Educación Infantil (primer ciclo)";"0";"http://www.madrid.es/sites/v/index.jsp?vgnextchannel=bfa48ab43d6bb410VgnVCM100000171f5a0aRCRD&vgnextoid=e085e95a4b4ef710VgnVCM1000001d4a900aRCRD";"EMBALSE DE PINILLA";"CALLE";"V";"32";"";"";"";"";"MADRID";"MADRID";"28051";"3";"ENSANCHE DE VALLECAS";"18";"VILLA DE VALLECAS";"449332";"4467699";"40.35832412722327";"-3.596702462592952";"913 307 326";"";"eivilladevallecas@madrid.es";"/contenido/entidadesYorganismos/CentrosEducacion/EscuelasInfantilesPublicas"
5633447;"Escuela infantil municipal La Alegría de la Huerta";"";"";"Horario ampliado - Comedor Educación de 0 a 3 años";"BUS: 38, 140, 153";"ENSEÑANZA: Educación infantil (Primer ciclo)";"1";"http://www.madrid.es/sites/v/index.jsp?vgnextchannel=bfa48ab43d6bb410VgnVCM100000171f5a0aRCRD&vgnextoid=1dbc1ec1fe3b7210VgnVCM2000000c205a0aRCRD";"HELSINKI";"CALLE";"V";"2";"";"";"";"";"MADRID";"MADRID";"28022";"5";"ROSAS";"20";"SAN BLAS-CANILLEJAS";"448879";"4475042";"40.4244413057318";"-3.602635166157978";"913 241 772";"";"eialegriadelahuerta@madrid.es";"/contenido/entidadesYorganismos/CentrosEducacion/EscuelasInfantilesPublicas"
10904841;"Escuela infantil municipal La Ardilla";"";"";"Horario ampliado. Comedor.";"";"Escuela infantil (Primer ciclo)";"1";"http://www.madrid.es/sites/v/index.jsp?vgnextchannel=bfa48ab43d6bb410VgnVCM100000171f5a0aRCRD&vgnextoid=f958fb0b31849610VgnVCM1000001d4a900aRCRD";"PRINCIPE CARLOS (C/V PINTOR IGNACIO ZULOAGA)";"CALLE";"V";"1";"";"";"";"";"MADRID";"MADRID";"28050";"6";"VALDEFUENTES";"16";"HORTALEZA";"444758";"4481887";"40.48584075407322";"-3.651798143659265";"673 614 692";"";"eilaardilla@madrid.es";"/contenido/entidadesYorganismos/CentrosEducacion/EscuelasInfantilesPublicas"
10888979;"Escuela infantil municipal La Bola de Cristal";"";"";"Horario ampliado. Comedor";"METRO: Antonio Machado y Valdezarza.     BUS: 126, 127, 132";"ENSEÑANZA: Educación infantil (Primer ciclo)";"1";"http://www.madrid.es/sites/v/index.jsp?vgnextchannel=bfa48ab43d6bb410VgnVCM100000171f5a0aRCRD&vgnextoid=695552fb94cd8610VgnVCM1000001d4a900aRCRD";"ISLAS BISAGOS";"CALLE";"V";"13";"";"";"";"";"MADRID";"MADRID";"28039";"4";"VALDEZARZA";"9";"MONCLOA-ARAVACA";"439330";"4479915";"40.46769867537168";"-3.7156569423684775";"914 347 262";"";"eiboladecristal@madrid.es";"/contenido/entidadesYorganismos/CentrosEducacion/EscuelasInfantilesPublicas"
4552960;"Escuela infantil municipal La Brisa";"";"";"";"METRO: Ventilla BUS: 42 , 147";"ENSEÑANZA: Educación infantil (Primer ciclo)";"0";"http://www.madrid.es/sites/v/index.jsp?vgnextchannel=bfa48ab43d6bb410VgnVCM100000171f5a0aRCRD&vgnextoid=d02ac6aa845d1110VgnVCM1000000b205a0aRCRD";"ASTURIAS";"AVENIDA";"V";"72";"";"";"";"";"MADRID";"MADRID";"28029";"4";"ALMENARA";"6";"TETUAN";"440802";"4480530";"40.47333501609979";"-3.698367154592483";"913 449 875";"913 449 875";"eilabrisa@madrid.es";"/contenido/entidadesYorganismos/CentrosEducacion/EscuelasInfantilesPublicas"
11184076;"Escuela infantil municipal La Bruja Avería - Lolo Rico";"";"";"Horario ampliado. Comedor.";"METRO: La Latina, Puerta de Toledo, Embajadores, Lavapiés BUS: 17, 18, 23, 35, 41, 60, 148, C1, M1";"ENSEÑANZA: Educación infantil (Primer ciclo)";"1";"http://www.madrid.es/sites/v/index.jsp?vgnextchannel=bfa48ab43d6bb410VgnVCM100000171f5a0aRCRD&vgnextoid=a9b3c5fe2a572710VgnVCM1000001d4a900aRCRD";"RODAS";"CALLE";"V";"20";"";"";"";"";"MADRID";"MADRID";"28005";"2";"EMBAJADORES";"1";"CENTRO";"440063";"4473293";"40.40809923624453";"-3.706383215058181";"914 267 061";"";"eirodas@madrid.es";"/contenido/entidadesYorganismos/CentrosEducacion/EscuelasInfantilesPublicas"
5336;"Escuela infantil municipal La Caracola";"";"";"Horario ampliado. Comedor.";"METRO: Begoña BUS: 66 , 124";"ENSEÑANZA: Educación infantil (Primer ciclo)";"1";"http://www.madrid.es/sites/v/index.jsp?vgnextchannel=bfa48ab43d6bb410VgnVCM100000171f5a0aRCRD&vgnextoid=b5dd13db5b71c010VgnVCM1000000b205a0aRCRD";"BELORADO";"CALLE";"V";"1";"";"";"";"";"MADRID";"MADRID";"28034";"6";"VALVERDE";"8";"FUENCARRAL-EL PARDO";"441962";"4482156";"40.48807363495185";"-3.6848207707128635";"913 341 938";"";"eilacaracola@madrid.es";"/contenido/entidadesYorganismos/CentrosEducacion/EscuelasInfantilesPublicas"
5632722;"Escuela infantil municipal La Chulapona";"";"";"Educación de 0 a 3 años";"METRO: Alameda de Osuna  BUS: 151, 105, 112, 115";"ENSEÑANZA: Educación infantil (Primer ciclo)";"1";"http://www.madrid.es/sites/v/index.jsp?vgnextchannel=bfa48ab43d6bb410VgnVCM100000171f5a0aRCRD&vgnextoid=457c9b6d163b7210VgnVCM2000000c205a0aRCRD";"BAHIA DE POLLENSA";"CALLE";"V";"3";"";"";"";"";"MADRID";"MADRID";"28042";"5";"CORRALEJOS";"21";"BARAJAS";"449766";"4479465";"40.464346272894424";"-3.5925288720620188";"913 122 028";"";"eilachulapona@madrid.es";"/contenido/entidadesYorganismos/CentrosEducacion/EscuelasInfantilesPublicas"
28783;"Escuela infantil municipal La Colina";"";"";"Horario ampliado. Comedor.";"BUS: 105 , 115";"ENSEÑANZA: Educación infantil (Primer ciclo)";"0";"http://www.madrid.es/sites/v/index.jsp?vgnextchannel=bfa48ab43d6bb410VgnVCM100000171f5a0aRCRD&vgnextoid=5171059cb751c010VgnVCM2000000c205a0aRCRD";"NUESTRA SEÑORA DE ARACELI";"CALLE";"V";"2";"";"";"";"";"MADRID";"MADRID";"28042";"3";"CASCO H.BARAJAS";"21";"BARAJAS";"450935";"4480262";"40.47159015347659";"-3.578814477331226";"678 350 330";"";"eilacolina@madrid.es";"/contenido/entidadesYorganismos/CentrosEducacion/EscuelasInfantilesPublicas"
84666;"Escuela infantil municipal La Cornisa";"";"";"Horario ampliado. Comedor. Planes de mejora.";"BUS: 6 , 78 , 79 RENFE: Doce de Octubre";"ENSEÑANZA: Educación Infantil (Primer ciclo)";"1";"http://www.madrid.es/sites/v/index.jsp?vgnextchannel=bfa48ab43d6bb410VgnVCM100000171f5a0aRCRD&vgnextoid=2a56def5ab41c010VgnVCM2000000c205a0aRCRD";"CRISTO DE LA VICTORIA";"CALLE";"V";"23";"";"";"";"";"MADRID";"MADRID";"28026";"4";"ALMENDRALES";"12";"USERA";"440431";"4470302";"40.3811789921249";"-3.7017852385259076";"917 920 520";"";"eilacornisa@madrid.es";"/contenido/entidadesYorganismos/CentrosEducacion/EscuelasInfantilesPublicas"
5633276;"Escuela infantil municipal La Corte de Faraón";"";"";"Educación de 0 a 3 años";"METRO: Peñagrande BUS: 42, 46, 126, 128, 132, 137, 774";"ENSEÑANZA: Educación infantil (Primer ciclo)";"1";"http://www.madrid.es/sites/v/index.jsp?vgnextchannel=bfa48ab43d6bb410VgnVCM100000171f5a0aRCRD&vgnextoid=b8210dde9b3b7210VgnVCM2000000c205a0aRCRD";"CHANTADA";"CALLE";"V";"41";"";"";"";"";"MADRID";"MADRID";"28035";"3";"PEÑA GRANDE";"8";"FUENCARRAL-EL PARDO";"439368";"4480509";"40.47304239359628";"-3.715280725332747";"910 596 706";"";"eilacortedefaraon@madrid.es";"/contenido/entidadesYorganismos/CentrosEducacion/EscuelasInfantilesPublicas"
5633332;"Escuela infantil municipal La Gran Vía";"";"";"Horario ampliado - Comedor";"METRO: Canillas  BUS: 112, 120, 122, 153, 73";"ENSEÑANZA: Educación infantil (Primer ciclo)";"1";"http://www.madrid.es/sites/v/index.jsp?vgnextchannel=bfa48ab43d6bb410VgnVCM100000171f5a0aRCRD&vgnextoid=60e944dd9d3b7210VgnVCM2000000c205a0aRCRD";"SILVANO";"CALLE";"V";"99";"";"";"";"";"MADRID";"MADRID";"28043";"3";"CANILLAS";"16";"HORTALEZA";"446212";"4479319";"40.462802758823514";"-3.634435221406373";"913 880 412";"";"eilagranvia@madrid.es";"/contenido/entidadesYorganismos/CentrosEducacion/EscuelasInfantilesPublicas"
5073;"Escuela infantil municipal La Luna";"";"";"Horario ampliado. Comedor.";"BUS: 59";"ENSEÑANZA: Educación infantil (Primer Ciclo)";"1";"http://www.madrid.es/sites/v/index.jsp?vgnextchannel=bfa48ab43d6bb410VgnVCM100000171f5a0aRCRD&vgnextoid=0cfd13db5b71c010VgnVCM1000000b205a0aRCRD";"BENIMAMET";"CALLE";"V";"109";"";"";"";"";"MADRID";"MADRID";"28021";"2";"SAN CRISTOBAL";"17";"VILLAVERDE";"441798";"4466203";"40.344340447262475";"-3.685296004324213";"915 051 417";"";"eilaluna@madrid.es";"/contenido/entidadesYorganismos/CentrosEducacion/EscuelasInfantilesPublicas"
10957922;"Escuela infantil municipal La Melonera";"";"";"Horario ampliado. Comedor.";"METRO: Mendez Álvaro. Arganzuela-Planetario BUS: 148. 156.";"ENSEÑANZA: Educación infantil (Primer ciclo)";"1";"http://www.madrid.es/sites/v/index.jsp?vgnextchannel=bfa48ab43d6bb410VgnVCM100000171f5a0aRCRD&vgnextoid=a86936d08b9ea610VgnVCM2000001f4a900aRCRD";"EROS";"CALLE";"V";"2";"";"";"";"";"MADRID";"MADRID";"28045";"4";"LEGAZPI";"2";"ARGANZUELA";"442243";"4471700";"40.39390298324836";"-3.680551491708351";"910 707 655   /   640 650 071";"";"eilamelonera@madrid.es";"/contenido/entidadesYorganismos/CentrosEducacion/EscuelasInfantilesPublicas"
5299025;"Escuela infantil municipal La Oliva";"";"";"";"BUS: 6, 60, 131";"ENSEÑANZA: Educación infantil (Primer Ciclo).";"1";"http://www.madrid.es/sites/v/index.jsp?vgnextchannel=bfa48ab43d6bb410VgnVCM100000171f5a0aRCRD&vgnextoid=5c73d901ede90210VgnVCM1000000b205a0aRCRD";"GAINZA";"CALLE";"V";"46";"";"";"";"";"MADRID";"MADRID";"28041";"1";"ORCASITAS";"12";"USERA";"439279";"4468586";"40.36563722434557";"-3.7151923280205694";"915 357 863";"";"eilaoliva@madrid.es";"/contenido/entidadesYorganismos/CentrosEducacion/EscuelasInfantilesPublicas"
5341;"Escuela infantil municipal La Paloma";"";"";"Horario ampliado. Comedor.";"METRO: La Latina BUS: 17 , 18 , 23 , 35 , 60";"ENSEÑANZA: Educación infantil (Primer Ciclo)";"1";"http://www.madrid.es/sites/v/index.jsp?vgnextchannel=bfa48ab43d6bb410VgnVCM100000171f5a0aRCRD&vgnextoid=522e13db5b71c010VgnVCM1000000b205a0aRCRD";"TABERNILLAS";"CALLE";"V";"4";"";"";"";"";"MADRID";"MADRID";"28005";"1";"PALACIO";"1";"CENTRO";"439624";"4473580";"40.41065179506282";"-3.7115802564668754";"913 642 491";"";"eilapaloma@madrid.es";"/contenido/entidadesYorganismos/CentrosEducacion/EscuelasInfantilesPublicas"
5633158;"Escuela infantil municipal La Patria Chica";"";"";"Educación de 0 a 3 años";"METRO: La Peseta BUS: 35 , 155";"ENSEÑANZA: Educación infantil (Primer ciclo)";"1";"http://www.madrid.es/sites/v/index.jsp?vgnextchannel=bfa48ab43d6bb410VgnVCM100000171f5a0aRCRD&vgnextoid=78e7a529393b7210VgnVCM2000000c205a0aRCRD";"PATRIMONIO DE LA HUMANIDAD";"CALLE";"V";"31";"";"";"";"";"MADRID";"MADRID";"28054";"6";"BUENAVISTA";"11";"CARABANCHEL";"435221";"4468182";"40.36168337750411";"-3.7629430009334297";"915 116  786";"";"eilapatriachica@madrid.es";"/contenido/entidadesYorganismos/CentrosEducacion/EscuelasInfantilesPublicas"
5633600;"Escuela infantil municipal La Revoltosa";"";"";"Horario ampliado - Comedor";"METRO: Las Suertes, Valdecarros BUS: 145";"ENSEÑANZA: Educación infantil (Primer ciclo)";"0";"http://www.madrid.es/sites/v/index.jsp?vgnextchannel=bfa48ab43d6bb410VgnVCM100000171f5a0aRCRD&vgnextoid=f4c0999a414b7210VgnVCM2000000c205a0aRCRD";"JOSE ANTONIO REBOLLEDO Y PALMA";"CALLE";"V";"18";"";"";"";"";"MADRID";"MADRID";"28051";"1";"CASCO H.VALLECAS";"18";"VILLA DE VALLECAS";"449997";"4468556";"40.36607876608522";"-3.588947072838845";"914 944 330";"";"eilarevoltosa@madrid.es";"/contenido/entidadesYorganismos/CentrosEducacion/EscuelasInfantilesPublicas"
5633294;"Escuela infantil municipal La Rosa del Azafrán";"";"";"Educación de 0 a 3 años";"METRO: Tres Olivos BUS: 66, 137";"ENSEÑANZA: Educación infantil (Primer ciclo)";"1";"http://www.madrid.es/sites/v/index.jsp?vgnextchannel=bfa48ab43d6bb410VgnVCM100000171f5a0aRCRD&vgnextoid=d3670dde9b3b7210VgnVCM2000000c205a0aRCRD";"CUEVA DE MONTESINOS";"CALLE";"V";"2";"";"";"";"";"MADRID";"MADRID";"28034";"6";"VALVERDE";"8";"FUENCARRAL-EL PARDO";"441678";"4483539";"40.50050331171224";"-3.68829881383211";"917 344 966";"";"eilarosadelazafran@madrid.es";"/contenido/entidadesYorganismos/CentrosEducacion/EscuelasInfantilesPublicas"
5633382;"Escuela infantil municipal La Verbena de la Paloma";"";"";"Educación de 0 a 3 años";"METRO: Aluche BUS: 17, 138, 155";"ENSEÑANZA: Educación infantil (Primer ciclo)";"1";"http://www.madrid.es/sites/v/index.jsp?vgnextchannel=bfa48ab43d6bb410VgnVCM100000171f5a0aRCRD&vgnextoid=533f44dd9d3b7210VgnVCM2000000c205a0aRCRD";"FUERTE DE NAVIDAD";"CALLE";"V";"17";"";"";"";"";"MADRID";"MADRID";"28044";"7";"LAS AGUILAS";"10";"LATINA";"434972";"4470271";"40.380491665056326";"-3.7660767346972173";"661 434 055";"";"eilaverbenalapaloma@madrid.es";"/contenido/entidadesYorganismos/CentrosEducacion/EscuelasInfantilesPublicas"
5633456;"Escuela infantil municipal La del Manojo de Rosas";"";"";"Educación de 0 a 3 años";"BUS: 4, 106, 140";"ENSEÑANZA: Educación infantil (Primer ciclo)";"1";"http://www.madrid.es/sites/v/index.jsp?vgnextchannel=bfa48ab43d6bb410VgnVCM100000171f5a0aRCRD&vgnextoid=c49e1ec1fe3b7210VgnVCM2000000c205a0aRCRD";"RAVENA";"CALLE";"V";"12";"";"";"";"";"MADRID";"MADRID";"28032";"4";"ARCOS";"20";"SAN BLAS-CANILLEJAS";"447718";"4474367";"40.41827932953887";"-3.616265188601519";"910 596 684";"";"eiladelmanojoderosas@madrid.es";"/contenido/entidadesYorganismos/CentrosEducacion/EscuelasInfantilesPublicas"
5633393;"Escuela infantil municipal La del Soto del Parral";"";"";"Educación de 0 a 3 años";"BUS: 34, 35, 155, 139, 47";"ENSEÑANZA: Educación infantil (Primer ciclo)";"1";"http://www.madrid.es/sites/v/index.jsp?vgnextchannel=bfa48ab43d6bb410VgnVCM100000171f5a0aRCRD&vgnextoid=979344dd9d3b7210VgnVCM2000000c205a0aRCRD";"TROMPAS";"CALLE";"V";"19";"";"";"";"";"MADRID";"MADRID";"28054";"6";"CUATRO VIENTOS";"10";"LATINA";"434786";"4469328";"40.37197319564591";"-3.7681711768688495";"915 084 790";"";"eiladelsotodelparral@madrid.es";"/contenido/entidadesYorganismos/CentrosEducacion/EscuelasInfantilesPublicas"
5298904;"Escuela infantil municipal Las Amapolas";"";"";"";"METRO: San Francisco BUS: 47, 118, 121, 131, 155";"ENSEÑANZA: Educación infantil (Primer Ciclo).";"1";"http://www.madrid.es/sites/v/index.jsp?vgnextchannel=bfa48ab43d6bb410VgnVCM100000171f5a0aRCRD&vgnextoid=367e5e391ae90210VgnVCM1000000b205a0aRCRD";"OBOLO";"CALLE";"V";"14";"";"";"";"";"MADRID";"MADRID";"28054";"6";"BUENAVISTA";"11";"CARABANCHEL";"437070";"4469157";"40.370623480071096";"-3.741251804918924";"915 115 338";"";"eilasamapolas@madrid.es";"/contenido/entidadesYorganismos/CentrosEducacion/EscuelasInfantilesPublicas"
5299104;"Escuela infantil municipal Las Azaleas";"";"";"";"BUS: 4, 38, 48, 70, 109 METRO: García Noblejas";"ENSEÑANZA: Educación infantil (Primer Ciclo).";"1";"http://www.madrid.es/sites/v/index.jsp?vgnextchannel=bfa48ab43d6bb410VgnVCM100000171f5a0aRCRD&vgnextoid=34cb3ab7e0f90210VgnVCM1000000b205a0aRCRD";"PORTUGALETE";"CALLE";"V";"6";"";"";"";"";"MADRID";"MADRID";"28017";"2";"PUEBLO NUEVO";"15";"CIUDAD LINEAL";"446096";"4475250";"40.42613036374425";"-3.635469776500989";"672 159 078";"";"eilasazaleas@madrid.es";"/contenido/entidadesYorganismos/CentrosEducacion/EscuelasInfantilesPublicas"
11647597;"Escuela infantil municipal Las Golondrinas";"";"";"Horario ampliado Comedor";"METRO:  Canillejas   BUS: 77, 101, 140,151, 165";"ENSEÑANZA: Educación infantil (primer ciclo)";"1";"http://www.madrid.es/sites/v/index.jsp?vgnextchannel=bfa48ab43d6bb410VgnVCM100000171f5a0aRCRD&vgnextoid=6d80e95a4b4ef710VgnVCM1000001d4a900aRCRD";"JOSEFA VALCARCEL";"CALLE";"V";"158";"";"";"";"";"MADRID";"MADRID";"28022";"7";"CANILLEJAS";"20";"SAN BLAS-CANILLEJAS";"448255";"4477790";"40.449158416350244";"-3.6102123944771636";"617 076 291";"";"eisanblas@madrid.es";"/contenido/entidadesYorganismos/CentrosEducacion/EscuelasInfantilesPublicas"
5633460;"Escuela infantil municipal Las Leandras";"Educación de 0 a 3 años";"";"Horario ampliado - Comedor";"BUS: 77";"ENSEÑANZA: Educación infantil (Primer ciclo)";"1";"http://www.madrid.es/sites/v/index.jsp?vgnextchannel=bfa48ab43d6bb410VgnVCM100000171f5a0aRCRD&vgnextoid=d29f1ec1fe3b7210VgnVCM2000000c205a0aRCRD";"ACCESO A LA ESTACION DE O'DONNELL";"CARRETERA";"V";"";"";"";"";"";"MADRID";"MADRID";"";"";"";"";"SAN BLAS-CANILLEJAS";"450030";"4477044";"40.442551699479736";"-3.589224618793631";"635 831 634";"";"eilasleandras@madrid.es";"/contenido/entidadesYorganismos/CentrosEducacion/EscuelasInfantilesPublicas"
5252132;"Escuela infantil municipal Las Mercedes";"";"";"";"BUS: 77";"ENSEÑANZA: Educación infantil (Primer Ciclo)";"1";"http://www.madrid.es/sites/v/index.jsp?vgnextchannel=bfa48ab43d6bb410VgnVCM100000171f5a0aRCRD&vgnextoid=5ebbdb969ed8f110VgnVCM1000000b205a0aRCRD";"SAMANIEGO";"CALLE";"V";"22";"";"";"";"";"MADRID";"MADRID";"28022";"6";"REJAS";"20";"SAN BLAS-CANILLEJAS";"450779";"4477035";"40.442501078875445";"-3.5804043676101007";"917 470 878";"";"eilasmercedes@madrid.es";"/contenido/entidadesYorganismos/CentrosEducacion/EscuelasInfantilesPublicas"
132987;"Escuela infantil municipal Las Nubes";"";"";"Horario ampliado. Comedor.";"METRO: Menéndez Pelayo  BUS: 24 , 37 , 54 , 57 , 102 , 141, 152";"ENSEÑANZA: Educación infantil (Primer ciclo)";"1";"http://www.madrid.es/sites/v/index.jsp?vgnextchannel=bfa48ab43d6bb410VgnVCM100000171f5a0aRCRD&vgnextoid=96b66da0aa81c010VgnVCM1000000b205a0aRCRD";"ANTONIO NEBRIJA";"CALLE";"V";"7";"";"";"";"";"MADRID";"MADRID";"28007";"1";"PACIFICO";"3";"RETIRO";"441938";"4472786";"40.40365358728283";"-3.6842590892111273";"915 012 443";"";"eilasnubes@madrid.es";"/contenido/entidadesYorganismos/CentrosEducacion/EscuelasInfantilesPublicas"
10957943;"Escuela infantil municipal Las Pléyades";"";"";"Horario ampliado. Comedor.";"BUS: 171, 174";"ENSEÑANZA: Educación infantil (Primer ciclo)";"1";"http://www.madrid.es/sites/v/index.jsp?vgnextchannel=bfa48ab43d6bb410VgnVCM100000171f5a0aRCRD&vgnextoid=947c36d08b9ea610VgnVCM2000001f4a900aRCRD";"MANUEL GUTIERREZ MELLADO";"CALLE";"V";"21";"";"";"";"";"MADRID";"MADRID";"28055";"6";"VALDEFUENTES";"16";"HORTALEZA";"447445";"4482880";"40.49496785628896";"-3.6201774927951726";"91 528 52 61   /   680 51 38 87";"";"eilaspleyades@madrid.es";"/contenido/entidadesYorganismos/CentrosEducacion/EscuelasInfantilesPublicas"
132982;"Escuela infantil municipal Las Viñas";"";"";"Horario ampliado. Comedor. Planes de mejora.";"BUS: 160";"ENSEÑANZA: Educación infantil (Primer ciclo)";"1";"http://www.madrid.es/sites/v/index.jsp?vgnextchannel=bfa48ab43d6bb410VgnVCM100000171f5a0aRCRD&vgnextoid=ecd66da0aa81c010VgnVCM1000000b205a0aRCRD";"ESTUDIO";"CALLE";"V";"6";"";"";"";"";"MADRID";"MADRID";"28023";"7";"ARAVACA";"9";"MONCLOA-ARAVACA";"433385";"4479176";"40.460576198420775";"-3.7857037462052063";"913 078 175";"";"eilasvinas@madrid.es";"/contenido/entidadesYorganismos/CentrosEducacion/EscuelasInfantilesPublicas"
5633582;"Escuela infantil municipal Los Gavilanes";"";"";"Horario ampliado - Comedor";"METRO: Alvarado, Estrecho BUS: 3, 64, 66, 124, 128, 772";"ENSEÑANZA: Educación infantil (Primer ciclo)";"0";"http://www.madrid.es/sites/v/index.jsp?vgnextchannel=bfa48ab43d6bb410VgnVCM100000171f5a0aRCRD&vgnextoid=9c1d999a414b7210VgnVCM2000000c205a0aRCRD";"TIZIANO";"CALLE";"V";"7";"";"";"";"";"MADRID";"MADRID";"28020";"2";"CUATRO CAMINOS";"6";"TETUAN";"440434";"4478062";"40.4510850477906";"-3.7024647767258325";"915 799 142";"";"eilosgavilanes@madrid.es";"/contenido/entidadesYorganismos/CentrosEducacion/EscuelasInfantilesPublicas"
28784;"Escuela infantil municipal Los Juncos";"";"";"Horario ampliado. Comedor.";"BUS: 4 , 100 , 106 , 130";"ENSEÑANZA: Educación infantil (Primer Ciclo)";"1";"http://www.madrid.es/sites/v/index.jsp?vgnextchannel=bfa48ab43d6bb410VgnVCM100000171f5a0aRCRD&vgnextoid=a791059cb751c010VgnVCM2000000c205a0aRCRD";"JUVENTUD";"PLAZA";"V";"7";"";"";"";"";"MADRID";"MADRID";"28032";"";"AMBROZ";"";"VICALVARO";"448602";"4473344";"40.40912749404517";"-3.605774962043424";"913 719 837";"";"eilosjuncos@madrid.es";"/contenido/entidadesYorganismos/CentrosEducacion/EscuelasInfantilesPublicas"
5340;"Escuela infantil municipal Los Pinos";"";"";"Horario ampliado. Comedor.";"Bus: 59, 79 Metro: San Cristóbal";"ENSEÑANZA: Educación infantil (Primer Ciclo)";"0";"http://www.madrid.es/sites/v/index.jsp?vgnextchannel=bfa48ab43d6bb410VgnVCM100000171f5a0aRCRD&vgnextoid=a84e13db5b71c010VgnVCM1000000b205a0aRCRD";"ROCAFORT";"CALLE";"V";"2";"";"";"";"";"MADRID";"MADRID";"28021";"2";"SAN CRISTOBAL";"17";"VILLAVERDE";"441474";"4466069";"40.34123812234347";"-3.69037444346592";"917 984 611";"";"eilospinos@madrid.es";"/contenido/entidadesYorganismos/CentrosEducacion/EscuelasInfantilesPublicas"
5633604;"Escuela infantil municipal Los Sobrinos del Capitán Grant";"";"";"Horario ampliado - Comedor";"BUS: 58, 63, 145 METRO: La Gavia, Congosto";"ENSEÑANZA: Educación infantil (Primer ciclo)";"0";"http://www.madrid.es/sites/v/index.jsp?vgnextchannel=bfa48ab43d6bb410VgnVCM100000171f5a0aRCRD&vgnextoid=8692999a414b7210VgnVCM2000000c205a0aRCRD";"LA GAVIA";"AVENIDA";"V";"22";"";"";"";"";"MADRID";"MADRID";"28051";"1";"CASCO H.VALLECAS";"18";"VILLA DE VALLECAS";"448079";"4469404";"40.37360084784636";"-3.611617365195693";"913 852 400";"";"eisobrinoscapitang@madrid.es";"/contenido/entidadesYorganismos/CentrosEducacion/EscuelasInfantilesPublicas"
187609;"Escuela infantil municipal Luis Bello";"";"";"";"METRO: Prosperidad BUS: 1, 9, 72, 73";"ENSEÑANZA: Educación Infantil (Primer Ciclo)";"1";"http://www.madrid.es/sites/v/index.jsp?vgnextchannel=bfa48ab43d6bb410VgnVCM100000171f5a0aRCRD&vgnextoid=8a48d2bec675e010VgnVCM1000000b205a0aRCRD";"JUAN BAUTISTA DE TOLEDO";"CALLE";"V";"5";"";"";"";"";"MADRID";"MADRID";"28002";"2";"PROSPERIDAD";"5";"CHAMARTIN";"442845";"4477216";"40.443633085040005";"-3.6739692982111727";"914 341 779";"";"eiluisbello@madrid.es";"/contenido/entidadesYorganismos/CentrosEducacion/EscuelasInfantilesPublicas"
5633425;"Escuela infantil municipal Luisa Fernanda";"";"";"Horario ampliado - Comedor";"BUS: 54, 58, 103, 142, 143";"ENSEÑANZA: Educación infantil (Primer ciclo)";"0";"http://www.madrid.es/sites/v/index.jsp?vgnextchannel=bfa48ab43d6bb410VgnVCM100000171f5a0aRCRD&vgnextoid=dbaa1ec1fe3b7210VgnVCM2000000c205a0aRCRD";"COCHERON DE LA VILLA";"CALLE";"V";"29";"";"";"";"";"MADRID";"MADRID";"28031";"4";"PALOMERAS SURESTE";"13";"PUENTE DE VALLECAS";"446016";"4470299";"40.38152351850743";"-3.635992893537739";"913 329 620";"";"eiluisafernanda@madrid.es";"/contenido/entidadesYorganismos/CentrosEducacion/EscuelasInfantilesPublicas"
11368108;"Escuela infantil municipal Margarita Salas";"";"";"";"BUS: 10, 56, 156 METRO. Conde de Casal. Pacífico.";"ENSEÑANZA: Educación infantil (Primer ciclo)";"0";"http://www.madrid.es/sites/v/index.jsp?vgnextchannel=bfa48ab43d6bb410VgnVCM100000171f5a0aRCRD&vgnextoid=647fa8d65f0d8710VgnVCM2000001f4a900aRCRD";"CAVANILLES";"CALLE";"V";"54";"";"";"";"";"MADRID";"MADRID";"28007";"1";"PACIFICO";"3";"RETIRO";"442901";"4472858";"40.40438324670531";"-3.6729005068427316";"623 412 950";"";"eicavanilles@madrid.es";"/contenido/entidadesYorganismos/CentrosEducacion/EscuelasInfantilesPublicas"
12269488;"Escuela infantil municipal María Moliner";"";"";"Horario ampliado. Comedor.";"Autobus 49, 177";"ENSEÑANZA: Educación Infantil (Primer Ciclo)";"3";"http://www.madrid.es/sites/v/index.jsp?vgnextchannel=bfa48ab43d6bb410VgnVCM100000171f5a0aRCRD&vgnextoid=cc0d0ea53f25d810VgnVCM1000001d4a900aRCRD";"DIRECCION";"PASEO";"V";"305";"";"";"";"";"MADRID";"MADRID";"28029";"5";"VALDEACEDERAS";"6";"TETUAN";"440385";"4480171";"40.470079203938035";"-3.7032397388198564";"691 533 410";"";"eitetuan@madrid.es";"/contenido/entidadesYorganismos/CentrosEducacion/EscuelasInfantilesPublicas"
5633596;"Escuela infantil municipal Molinos de Viento";"";"";"Horario ampliado - Comedor";"METRO: Vicálvaro BUS: 4, 106, 100, 130";"ENSEÑANZA: Educación infantil (Primer ciclo)";"1";"http://www.madrid.es/sites/v/index.jsp?vgnextchannel=bfa48ab43d6bb410VgnVCM100000171f5a0aRCRD&vgnextoid=7afe999a414b7210VgnVCM2000000c205a0aRCRD";"FUENTE DE ARRIBA";"CAMINO";"V";"4";"";"";"";"";"MADRID";"MADRID";"28032";"1";"CASCO H.VICALVARO";"19";"VICALVARO";"448245";"4472690";"40.40321377463398";"-3.609917274177793";"917 753 905";"";"eimolinosdeviento@madrid.es";"/contenido/entidadesYorganismos/CentrosEducacion/EscuelasInfantilesPublicas"
11647575;"Escuela infantil municipal Muñeco de Nieve";"";"";"Horario ampliado Comedor";"BUS: 159. E5. 290 (interurbano)";"ENSEÑANZA: Educación infantil (Primer ciclo)";"1";"http://www.madrid.es/sites/v/index.jsp?vgnextchannel=bfa48ab43d6bb410VgnVCM100000171f5a0aRCRD&vgnextoid=51aee95a4b4ef710VgnVCM1000001d4a900aRCRD";"ENRIQUE URQUIJO";"CALLE";"V";"56";"";"";"";"";"MADRID";"MADRID";"28052";"4";"EL CAÑAVERAL";"19";"VICALVARO";"452427";"4472228";"40.39930206378953";"-3.5605912170897724";"645 053 537
605 738 461";"";"eicanaveral@madrid.es";"/contenido/entidadesYorganismos/CentrosEducacion/EscuelasInfantilesPublicas"
187607;"Escuela infantil municipal Osa Menor";"";"";"Horario ampliado Comedor";"METRO: Bilbao, Alonso Martínez, Tribunal BUS: 3, 21, 37, 40, 147, 149";"ENSEÑANZA: Educación Infantil (primer ciclo)";"1";"http://www.madrid.es/sites/v/index.jsp?vgnextchannel=bfa48ab43d6bb410VgnVCM100000171f5a0aRCRD&vgnextoid=c328d2bec675e010VgnVCM1000000b205a0aRCRD";"MEJIA LEQUERICA";"CALLE";"NUM";"21";"";"";"";"";"MADRID";"MADRID";"28004";"4";"JUSTICIA";"1";"CENTRO";"440666";"4475502";"40.4280399538175";"-3.699501702258276";"914 472 234";"";"eiosamenor@madrid.es";"/contenido/entidadesYorganismos/CentrosEducacion/EscuelasInfantilesPublicas"
11508438;"Escuela infantil municipal Parque de Ingenieros";"";"";"Horario ampliado. Comedor.";"Bus: 22, 76, 86, 130, 131. Metro: Villaverde Bajo Cruce. Renfe: Puente Alcocer";"ENSEÑANZA: Educación infantil (Primer Ciclo)";"1";"http://www.madrid.es/sites/v/index.jsp?vgnextchannel=bfa48ab43d6bb410VgnVCM100000171f5a0aRCRD&vgnextoid=350a001964bcc710VgnVCM1000001d4a900aRCRD";"EL SANTO DE LA ISIDRA";"CALLE";"V";"2";"";"";"";"";"MADRID";"MADRID";"28041";"5";"ANGELES";"17";"VILLAVERDE";"440157";"4467361";"40.354672479088904";"-3.7047184178329884";"918 986 144";"";"eiparqueingenieros@madrid.es";"/contenido/entidadesYorganismos/CentrosEducacion/EscuelasInfantilesPublicas"
10957917;"Escuela infantil municipal Pensamiento";"";"";"";"BUS:  6, 55, 70 y 78   METRO:  Usera";"ENSEÑANZA: Educación infantil (Primer ciclo)";"1";"http://www.madrid.es/sites/v/index.jsp?vgnextchannel=bfa48ab43d6bb410VgnVCM100000171f5a0aRCRD&vgnextoid=9246bc22369ea610VgnVCM1000001d4a900aRCRD";"MIRASIERRA";"CALLE";"V";"27";"";"";"";"";"MADRID";"MADRID";"28026";"5";"MOSCARDO";"12";"USERA";"440153";"4471220";"40.38943008851109";"-3.7051307823732746";"643 636 576  /   643 663 747";"";"eipensamiento@madrid.es";"/contenido/entidadesYorganismos/CentrosEducacion"
10904800;"Escuela infantil municipal Poeta Gloria Fuertes";"";"";"Horario ampliado. Comedor.";"METRO: Las Tablas   BUS:  172, 176, T61";"ENSEÑANZA: Educación Infantil (Primer Ciclo)";"1";"http://www.madrid.es/sites/v/index.jsp?vgnextchannel=bfa48ab43d6bb410VgnVCM100000171f5a0aRCRD&vgnextoid=589695511b749610VgnVCM1000001d4a900aRCRD";"CASTILLO DE CANDANCHU";"CALLE";"V";"46";"";"";"";"";"MADRID";"MADRID";"28050";"6";"VALVERDE";"8";"FUENCARRAL-EL PARDO";"442496";"4483969";"40.50444594533402";"-3.67868023321698";"913 787 752";"";"eilastablas@madrid.es";"/contenido/entidadesYorganismos/CentrosEducacion"
88758;"Escuela infantil municipal Ruiz Jiménez";"";"";"Horario ampliado. Comedor.";"METRO: Diego de León BUS: 1 , 12 , 56 , 69 , 72 , 73 , 115";"ENSEÑANZA: Educación Infantil (Primer ciclo)";"0";"http://www.madrid.es/sites/v/index.jsp?vgnextchannel=bfa48ab43d6bb410VgnVCM100000171f5a0aRCRD&vgnextoid=7086def5ab41c010VgnVCM2000000c205a0aRCRD";"JOSE PICON";"CALLE";"V";"17";"";"";"";"";"MADRID";"MADRID";"28028";"4";"GUINDALERA";"4";"SALAMANCA";"442973";"4476267";"40.435092812438825";"-3.672374874199507";"910 590 901";"";"eiruizjimenez@madrid.es";"/contenido/entidadesYorganismos/CentrosEducacion/EscuelasInfantilesPublicas"
10888929;"Escuela infantil municipal Sabina";"";"";"Horario ampliado. Comedor.";"METRO: Artilleros y Pavones.       BUS:  30, 100, 140";"ENSEÑANZA: Educación infantil (Primer ciclo)";"0";"http://www.madrid.es/sites/v/index.jsp?vgnextchannel=bfa48ab43d6bb410VgnVCM100000171f5a0aRCRD&vgnextoid=148a52fb94cd8610VgnVCM1000001d4a900aRCRD";"CAÑÓN DEL RIO LOBOS";"CALLE";"V";"4";"";"";"";"";"MADRID";"MADRID";"28030";"2";"HORCAJO";"14";"MORATALAZ";"446369";"4472888";"40.40488549196435";"-3.6320315642486043";"910 596 394";"";"eisabina@madrid.es";"/contenido/entidadesYorganismos/CentrosEducacion/EscuelasInfantilesPublicas"
50199310;"Escuela infantil municipal Salamanca (Próxima apertura Curso 2026-2027)";"";"";"Horario ampliado. Comedor.";"";"ENSEÑANZA: Educación Infantil (Primer ciclo)";"3";"http://www.madrid.es/sites/v/index.jsp?vgnextchannel=bfa48ab43d6bb410VgnVCM100000171f5a0aRCRD&vgnextoid=b407d038832db910VgnVCM200000f921e388RCRD";"FRANCISCO REMIRO";"CALLE";"V";"21";"";"";"";"";"MADRID";"MADRID";"28028";"4";"GUINDALERA";"4";"SALAMANCA";"443465";"4476650";"40.43857869931732";"-3.66658672914608";"";"";"eisalamanca@madrid.es";"/contenido/entidadesYorganismos/CentrosEducacion/EscuelasInfantilesPublicas"
168220;"Escuela infantil municipal Tarabilla";"";"";"Horario ampliado. Comedor.";"BUS: 4 , 28 , 38 , 48 , 70 , 105";"ENSEÑANZA: Educación Infantil (Primer ciclo)  Curso 2014-2015: Dirección de la escuela infantil calle Albarracín número 31 (Distrito San Blas-Canillejas) Curso 2015-2016: calle Gandhi número 14 (Distrito Ciudad Lineal)";"1";"http://www.madrid.es/sites/v/index.jsp?vgnextchannel=bfa48ab43d6bb410VgnVCM100000171f5a0aRCRD&vgnextoid=615ce0e1f181c010VgnVCM1000000b205a0aRCRD";"GANDHI";"CALLE";"V";"14";"";"";"";"";"MADRID";"MADRID";"28017";"2";"PUEBLO NUEVO";"15";"CIUDAD LINEAL";"446245";"4475186";"40.42369169272075";"-3.6349635101992215";"913 047 164";"913 047 164";"eilatarabilla@madrid.es";"/contenido/entidadesYorganismos/CentrosEducacion/EscuelasInfantilesPublicas"
4552561;"Escuela infantil municipal VeoVeo";"";"";"Horario ampliado - Comedor";"BUS: 11, 53, 122";"ENSEÑANZA: Educación Infantil (Primer Ciclo)";"1";"http://www.madrid.es/sites/v/index.jsp?vgnextchannel=bfa48ab43d6bb410VgnVCM100000171f5a0aRCRD&vgnextoid=8893f0d5edbb1110VgnVCM1000000b205a0aRCRD";"CONDESA DE VENADITO";"CALLE";"V";"3";"";"";"";"";"MADRID";"MADRID";"28027";"5";"SAN PASCUAL";"15";"CIUDAD LINEAL";"444425";"4477257";"40.44410961610912";"-3.6553313008969353";"910 596 679";"";"eiveoveo@madrid.es";"/contenido/entidadesYorganismos/CentrosEducacion/EscuelasInfantilesPublicas"
